image,label,prediction,exact_match,ocr_confidence,yolo_confidence
0642_10216468990_crop_0.png,00008,00008,True,0.8663,0.7143
0642_13508310003_crop_0.png,00010,00010,True,0.9963,0.7107
74378703248_crop_0.png,47497,47497,True,0.8464,0.7501
74460590297_crop_0.png,02922,02922,True,0.983,0.7758
74507910003_crop_0.png,03738,03738,True,0.8691,0.7234
74508091670_crop_0.png,16694,16694,True,0.8813,0.7878
74519610005_crop_0.png,03325,03321,False,0.8917,0.7297
74584225242_crop_0.png,04274,04274,True,0.92,0.757
74683849983_crop_0.png,02187,02187,True,0.8083,0.7645
74703100003_crop_0.png,14095,14095,True,0.9384,0.7417
74760298393_crop_0.png,00000,00000,True,0.9976,0.7498
75008220008_crop_0.png,01112,01112,True,0.9717,0.7957
75128711654_crop_0.png,62705,62705,True,0.8853,0.7806
75161710001_crop_0.png,14232,14232,True,0.9269,0.7684
75230801377_crop_0.png,18106,18106,True,0.8773,0.7714
75281926511_crop_0.png,08987,08987,True,0.8479,0.7938
75420512131_crop_0.png,06851,06851,True,0.9603,0.8264
75424546796_crop_0.png,08895,08895,True,0.9566,0.7223
75451124699_crop_0.png,00739,00739,True,0.9871,0.7537
75549263020_crop_0.png,05999,05559,False,0.912,0.7582
75573511286_crop_0.png,02849,02849,True,0.8882,0.717
75586569347_crop_0.png,25489,25489,True,0.9242,0.7748
75654766569_crop_0.png,01723,01723,True,0.9605,0.6911
75857100004_crop_0.png,00898,00898,True,0.8909,0.7266
75933403877_crop_0.png,09236,09236,True,0.9554,0.7796
76256200007_crop_0.png,01488,01488,True,0.9441,0.7931
76329620009_crop_0.png,06690,06690,True,0.9426,0.8013
76469470363_crop_0.png,43333,43333,True,0.9236,0.7302
76685620007_crop_0.png,01441,01441,True,0.8225,0.7378
76780420006_crop_0.png,05502,05502,True,0.8999,0.7419
76947200002_crop_0.png,02596,02596,True,0.9677,0.7674
77105960106_crop_0.png,07195,07195,True,0.8605,0.7266
77214930008_crop_0.png,03918,03818,False,0.8012,0.6831
77351920002_crop_0.png,15527,15527,True,0.9128,0.7521
77672304266_crop_0.png,03428,03428,True,0.9108,0.7812
77849110000_crop_0.png,04529,04529,True,0.8678,0.7534
77945861043_crop_0.png,02762,02762,True,0.9479,0.767
78010383574_crop_0.png,03419,03419,True,0.8645,0.7337
78066496270_crop_0.png,25985,25985,True,0.9143,0.6575
78066496270_crop_1.png,25985,25985,True,0.9143,0.6575
78176770952_crop_0.png,18709,18709,True,0.8761,0.7297
78462309887_crop_0.png,07534,07534,True,0.9472,0.7497
78646806436_crop_0.png,04387,04387,True,0.9328,0.7621
78695309837_crop_0.png,01090,01090,True,0.9848,0.7731
79181991963_crop_0.png,02856,02856,True,0.9342,0.7853
79214150470_crop_0.png,07410,07410,True,0.9194,0.7828
79233010705_crop_0.png,13266,13266,True,0.9646,0.7647
79304677218_crop_0.png,00032,00032,True,0.9932,0.7244
79498760069_crop_0.png,09835,09989,False,0.8118,0.8143
79614620007_crop_0.png,05097,05097,True,0.9729,0.7159
79632240879_crop_0.png,34051,34051,True,0.9143,0.7038
79763298381_crop_0.png,74826,14826,False,0.8659,0.7913
79880666411_crop_0.png,60755,60755,True,0.9602,0.7351
80003330000_crop_0.png,20205,20205,True,0.9503,0.73
80193579911_crop_0.png,06470,06470,True,0.9203,0.7412
80207334782_crop_0.png,06402,06402,True,0.8739,0.7713
80846130005_crop_0.png,00255,00255,True,0.9661,0.7481
80923933883_crop_0.png,04247,04247,True,0.9085,0.7841
80994239566_crop_0.png,00584,00584,True,0.966,0.7917
80994600007_crop_0.png,00295,00295,True,0.977,0.7808
81153461454_crop_0.png,02908,02808,False,0.7526,0.7363
81276801917_crop_0.png,08072,08072,True,0.957,0.7464
81362152779_crop_0.png,01380,01380,True,0.9092,0.8086
81446809394_crop_0.png,05011,05011,True,0.9653,0.6299
81468040001_crop_0.png,31742,31742,True,0.8783,0.7666
81546021130_crop_0.png,03723,03723,True,0.8942,0.7785
81596735134_crop_0.png,06959,06959,True,0.9742,0.7073
81650651086_crop_0.png,06467,06467,True,0.959,0.7504
82070002538_crop_0.png,00797,00797,True,0.9295,0.8016
82075848372_crop_0.png,04924,04924,True,0.8439,0.8341
82310531684_crop_0.png,31345,31345,True,0.8916,0.769
82437410002_crop_0.png,33857,33857,True,0.8902,0.7381
82524880208_crop_0.png,01058,01058,True,0.9631,0.7628
82530153277_crop_0.png,04207,04207,True,0.8766,0.7758
82608300008_crop_0.png,02904,02904,True,0.8741,0.7866
82672273966_crop_0.png,02540,02540,True,0.8492,0.7529
82964403354_crop_0.png,06572,06572,True,0.8658,0.7755
83245601105_crop_0.png,12935,12935,True,0.9261,0.6974
83257672432_crop_0.png,03025,03025,True,0.9634,0.7815
83378620005_crop_0.png,12299,12299,True,0.9602,0.7722
83439532892_crop_0.png,00698,00698,True,0.9216,0.7522
83501247569_crop_0.png,07827,07827,True,0.9536,0.7102
83623218761_crop_0.png,03200,03200,True,0.8303,0.7299
83643755214_crop_0.png,07268,07268,True,0.9338,0.7657
83899115303_crop_0.png,12194,12194,True,0.8776,0.7783
84063649242_crop_0.png,04453,04453,True,0.9204,0.764
84213020005_crop_0.png,03331,03331,True,0.951,0.7727
84351082312_crop_0.png,08638,08638,True,0.9485,0.7521
84466715582_crop_0.png,45003,45003,True,0.8429,0.7087
84472115348_crop_0.png,07777,07777,True,0.967,0.7794
84743600003_crop_0.png,08633,08633,True,0.9218,0.7562
84901046155_crop_0.png,06135,06135,True,0.8925,0.7147
84990191862_crop_0.png,07131,07131,True,0.899,0.7832
85217485599_crop_0.png,03397,03397,True,0.9341,0.7765
85222296601_crop_0.png,13983,13983,True,0.8746,0.7775
85359030005_crop_0.png,19403,19403,True,0.7982,0.743
86056972507_crop_0.png,12401,12401,True,0.8326,0.7064
86161792030_crop_0.png,07495,07495,True,0.7962,0.7434
86178002423_crop_0.png,03285,03285,True,0.9206,0.7523
86326593364_crop_0.png,01881,01881,True,0.8837,0.7547
86416746450_crop_0.png,00214,00214,True,0.9828,0.801
86475694096_crop_0.png,08846,08846,True,0.9711,0.7487
86501600000_crop_0.png,02932,02932,True,0.8572,0.7772
86705430121_crop_0.png,02627,02627,True,0.8929,0.7802
86943104397_crop_0.png,01162,01162,True,0.9254,0.708
87007052795_crop_0.png,01420,01420,True,0.9002,0.7685
87291391875_crop_0.png,04799,04799,True,0.9628,0.7602
87371414969_crop_0.png,08532,08532,True,0.942,0.8068
87419320004_crop_0.png,08079,08079,True,0.9369,0.7552
87498830006_crop_0.png,85149,85149,True,0.9512,0.7773
87555720009_crop_0.png,21595,21595,True,0.8933,0.7339
87795389219_crop_0.png,03594,03594,True,0.9132,0.7803
87797100002_crop_0.png,01688,01688,True,0.9193,0.7432
87833068643_crop_0.png,14304,14304,True,0.8319,0.7662
88083861794_crop_0.png,13079,13079,True,0.9414,0.7726
88361010882_crop_0.png,09492,09492,True,0.8715,0.8123
88528577062_crop_0.png,07087,07087,True,0.9389,0.7956
88569081610_crop_0.png,04702,04702,True,0.8611,0.7274
88654567408_crop_0.png,04087,04087,True,0.9398,0.7974
88913990094_crop_0.png,02355,02355,True,0.9387,0.7614
88938678781_crop_0.png,05906,05006,False,0.7923,0.7586
88952578024_crop_0.png,00186,00186,True,0.9774,0.748
89030724507_crop_0.png,03454,03454,True,0.8786,0.7258
89306213375_crop_0.png,18171,18172,False,0.8182,0.7763
89363567994_crop_0.png,01849,01849,True,0.9582,0.7678
89560838123_crop_0.png,00612,00612,True,0.9804,0.7501
89960353566_crop_0.png,01550,01550,True,0.9592,0.7723
89973274908_crop_0.png,06867,06867,True,0.9542,0.7471
89995023887_crop_0.png,46595,46595,True,0.8036,0.7543
90048374707_crop_0.png,04030,04030,True,0.936,0.7587
90110258283_crop_0.png,04554,04554,True,0.9336,0.7631
90140440851_crop_0.png,06651,06650,False,0.8666,0.7654
90200687268_crop_0.png,11323,11323,True,0.9224,0.7385
90342434751_crop_0.png,23483,23483,True,0.8478,0.8051
90564028752_crop_0.png,25821,25821,True,0.9232,0.7156
90637455297_crop_0.png,02029,0029,False,0.8737,0.7747
90789983344_crop_0.png,05076,05076,True,0.9533,0.8311
90908496673_crop_0.png,64999,64999,True,0.9147,0.7491
90960901875_crop_0.png,07673,07673,True,0.9487,0.7416
91356810001_crop_0.png,81551,81551,True,0.9482,0.763
91535832785_crop_0.png,12196,12196,True,0.9583,0.7487
91592703143_crop_0.png,01789,01789,True,0.9354,0.7775
91713183779_crop_0.png,04424,04424,True,0.8837,0.7897
91895832953_crop_0.png,02738,02738,True,0.9424,0.7569
92001400008_crop_0.png,00057,00057,True,0.9869,0.7544
92001510004_crop_0.png,22303,22303,True,0.8544,0.7558
92208858354_crop_0.png,03775,03775,True,0.9558,0.7741
92425066070_crop_0.png,03088,03088,True,0.962,0.7455
92691900002_crop_0.png,10155,10155,True,0.9693,0.7416
92809431841_crop_0.png,03006,03006,True,0.9702,0.8173
92827320000_crop_0.png,35604,35604,True,0.8656,0.7861
92841110007_crop_0.png,31602,31602,True,0.822,0.7803
93005810002_crop_0.png,05259,05259,True,0.9201,0.7744
93039689513_crop_0.png,20420,20420,True,0.8707,0.7515
93249083374_crop_0.png,03372,03372,True,0.9247,0.7623
93321124559_crop_0.png,07077,07077,True,0.9506,0.7673
93567844431_crop_0.png,07351,07351,True,0.9529,0.785
93708041145_crop_0.png,14771,14771,True,0.9286,0.7625
93728320008_crop_0.png,53202,53202,True,0.8439,0.7794
93766829449_crop_0.png,04070,04070,True,0.951,0.7732
93807610006_crop_0.png,00313,00313,True,0.9726,0.7611
93831733212_crop_0.png,09623,09623,True,0.9134,0.7874
93843142857_crop_0.png,02688,02688,True,0.9396,0.7727
93927982707_crop_0.png,30040,30040,True,0.9674,0.7064
94023320008_crop_0.png,02685,02685,True,0.9292,0.7756
94035910002_crop_0.png,05822,05622,False,0.7491,0.6567
94085900002_crop_0.png,27561,27561,True,0.9222,0.7496
94161553626_crop_0.png,07316,07316,True,0.9558,0.7616
94335963339_crop_0.png,03934,03934,True,0.9541,0.7918
0642_04481372763_crop_0.png,00003,00003,True,0.9063,0.7847
0642_05279311822_crop_0.png,00000,00000,True,0.9168,0.7367
0642_06408310008_crop_0.png,03085,03085,True,0.9494,0.7727
0642_09296171839_crop_0.png,00026,00026,True,0.9318,0.7771
0642_09540472231_crop_0.png,00019,00019,True,0.9223,0.6987
0642_09681427069_crop_0.png,00008,00008,True,0.991,0.8162
0642_09987557973_crop_0.png,00010,00010,True,0.9966,0.7955
0642_10208310002_crop_0.png,00002,00002,True,0.9919,0.6821
0642_10385058598_crop_0.png,00006,00006,True,0.9917,0.6993
0642_10983245712_crop_0.png,00027,00027,True,0.9689,0.6723
0642_11514835633_crop_0.png,00007,00007,True,0.9577,0.7001
0642_11608310006_crop_0.png,00162,00162,True,0.9351,0.7428
0642_12433557928_crop_0.png,02032,02032,True,0.9221,0.7584
0642_12497310008_crop_0.png,00005,00005,True,0.9955,0.7852
0642_08907642410_crop_0.png,00095,00095,True,0.9803,0.7282
0642_04481372763.jpg,00003,00003,True,0.9063,0.7847
0642_05279311822.jpg,00000,00000,True,0.9168,0.7367
0642_06408310008.jpg,03085,03085,True,0.9494,0.7727
0642_08907642410.jpg,00095,00095,True,0.9803,0.7282
0642_09208310004.jpg,00017,00017,True,0.9817,0.7472
0642_09296171839.jpg,00026,00026,True,0.9318,0.7771
0642_09540472231.jpg,00019,00019,True,0.9223,0.6987
0642_09681427069.jpg,00008,00008,True,0.991,0.8162
0642_09987557973.jpg,00010,00010,True,0.9966,0.7955
0642_10208310002.jpg,00002,00002,True,0.9919,0.6821
0642_10216468990.jpg,00008,00008,True,0.8663,0.7143
0642_10385058598.jpg,00006,00006,True,0.9917,0.6993
0642_10983245712.jpg,00027,00027,True,0.9689,0.6723
0642_11514835633.jpg,00007,00007,True,0.9577,0.7001
0642_11608310006.jpg,00162,00162,True,0.9351,0.7428
0642_12433557928.jpg,02032,02032,True,0.9221,0.7584
0642_12497310008.jpg,00005,00005,True,0.9955,0.7852
0642_13508310003.jpg,00010,00010,True,0.9963,0.7107
74291476724.jpg,77470,07470,False,0.8409,0.747
74345568815.jpg,01523,01523,True,0.9676,0.7271
74378703248.jpg,47497,47497,True,0.8464,0.7501
74460590297.jpg,02922,02922,True,0.983,0.7758
74507910003.jpg,03738,03738,True,0.8691,0.7234
74508091670.jpg,16694,16694,True,0.8813,0.7878
74519610005.jpg,03325,03321,False,0.8917,0.7297
